"","ionIndex","mzLabel","idKEGG","score","name"
"1",1,"mz059.0139","C00033 C00266",100,"Acetatic acid"
"2",2,"mz059.0502","C01845 C05979",100,"Propanol"
"3",3,"mz060.9928","C01353",100,"Carbonic acid"
"4",4,"mz067.0304","C01589",100,"Imidazole"
"5",5,"mz071.0140","C00511 C00546 C19440",100,"Propenoic acid C3:1"
"6",6,"mz072.9932","C00048",100,"Glyoxylic acid"
"7",7,"mz073.0297","C00163 C00424 C00937 C00969 C05235 C17530",100,"C3:0 (Propionic acid)"
"8",8,"mz074.0249","C00037 C06808",100,"Glycine"
"9",9,"mz075.0085","C00160",100,"Glycolate"
"10",10,"mz077.0398","C01407",100,"Benzene"
"11",11,"mz079.9577","C11481",100,"Hydrogen sulfite"
"12",12,"mz080.9648","C00094",100,"Sulfurous acid"
"13",13,"mz084.0460","C11118",100,"Acetone cyanohydrin"
"14",14,"mz085.0298","C00741 C01770 C01771 C19309 C19443",100,"Succinic aldehyde"
"15",15,"mz088.0408","C00041 C00099 C00133 C00213 C01401 C01537",100,"Alanine"
"16",16,"mz088.9887","C00209",100,"Oxalic acid"
"17",17,"mz089.0248","C00184 C00186 C00256 C01013 C02154",100,"Lactate"
"18",18,"mz093.0346","C00146",100,"Phenol"
"19",19,"mz093.0460","",100,"Methylpyrazine"
"20",20,"mz098.0250","",100,"Succinimide"
"21",21,"mz099.0079","C19524",100,"Succinic anhydride"
"22",22,"mz102.0563","C00334 C01026 C01205 C02261 C02356 C03284 C03665 C05145 C11735",100,"Aminobutanoic acid (ABA)"
"23",23,"mz104.0356","C00065 C00716 C00740",100,"Serine"
"24",24,"mz105.0020","",100,"Methylthioglycolic acid"
"25",25,"mz105.0195","C00258",100,"D-Glyceric acid"
"26",26,"mz108.0456","C02372",100,"Aminophenol"
"27",27,"mz109.0409","C05130",100,"N-Acetylimidazole"
"28",28,"mz109.0657","",100,"2,3,5-Trimethylfuran"
"29",29,"mz110.0249","C05942",100,"Pyrrole-2-carboxylic acid"
"30",30,"mz110.0725","C00388",100,"Histamine"
"31",31,"mz111.0090","C01546",100,"Furoic acid"
"32",32,"mz111.0201","C00106",100,"Uracil"
"33",33,"mz112.0234","",100,"2,4-Dimethylthiazole"
"34",34,"mz112.0403","C03564 C04322",100,"Pyrroline carboxylic acid"
"35",35,"mz113.0245","",100,"2-Hydroxy-2,4-pentadienoic acid"
"36",36,"mz113.0356","C00429 C02512 C02565",100,"Dihydrouracil"
"37",37,"mz114.0563","C00148 C00763 C18170",100,"Proline"
"38",38,"mz115.0036","C00122 C01384",100,"Fumarate"
"39",39,"mz116.0354","C00441 C03508",100,"Aspartate semialdehyde"
"40",40,"mz116.0717","C00183 C00431 C00719 C01799 C07457",100,"Valine; Betaine"
"41",41,"mz117.0196","C00042 C02170",100,"Succinate"
"42",42,"mz118.0511","C00188 C00263 C05519",100,"Threonine"
"43",43,"mz118.9804","C00957",100,"Mercaptopyruvic acid"
"44",44,"mz119.0353","C01796 C02045",100,"Tetrose"
"45",45,"mz119.0503","C00601 C02083 C05627 C06758 C07113 C07209 C07214",100,"Phenylacetaldehyde"
"46",46,"mz120.0454","C09815",100,"Benzamide"
"47",47,"mz121.0296","C00180 C00633 C06202",100,"Benzoate"
"48",48,"mz121.0399","C00153",100,"Nicotinamide"
"49",49,"mz122.0239","C00253 C06813 C07446 C10164",100,"Nicotinate"
"50",50,"mz124.0074","C00245",100,"Taurine"
"51",51,"mz124.0171","C03557",100,"2-Aminoethylphosphonate"
"52",52,"mz124.9915","C05123",100,"2-Hydroxyethanesulfonate"
"53",53,"mz125.0245","C01108 C02183 C11101 C11918",100,"Pyrogallic acid"
"54",54,"mz125.0357","C00178 C02835",100,"Thymine"
"55",55,"mz126.0197","",100,"2,3,6-Trihydroxypyridine"
"56",56,"mz126.9050","C05590",25,"I(-)"
"57",57,"mz127.0408","",100,"Dihydro-4,4-dimethyl-2,3-furandione"
"58",58,"mz127.1129","C01545 C07288 C14272 C17145",100,"1-Octanal"
"59",59,"mz128.0353","C01879 C02237 C04281 C04282",100,"Oxoproline"
"60",60,"mz129.0194","C00490 C01732 C02214 C02226 C02800",100,"Itaconate"
"61",61,"mz129.0388","",100,"2-[(Methylthio)methyl]-2-butenal"
"62",62,"mz129.0556","C00233 C00902 C02122 C02129 C03465 C03500 C06102",100,"4-Methyl-2-oxopentanoate"
"63",63,"mz129.0919","C12290 C12296 C17714",100,"Ethyl isovalerate"
"64",64,"mz130.0511","C00430 C01015 C01073 C01110 C01157 C01165 C03440 C04397 C05147",100,"5-Aminolevulinic acid"
"65",65,"mz130.0873","C00123 C00407 C01570 C01933 C02378 C02486 C16434 C16439",100,"(Iso)Leucine"
"66",66,"mz131.0359","C00489 C00900 C06010 C08645",100,"Glutarate"
"67",67,"mz131.0462","C00152 C01043 C01905 C02037 C02642",100,"Asparagine"
"68",68,"mz131.0711","C03264 C06103 C07834",100,"D-2-Hydroxyisocaproate"
"69",69,"mz131.0827","C00077 C00515",100,"Ornithine"
"70",70,"mz132.0303","C00049 C00402 C16433 C19911",100,"Aspartate"
"71",71,"mz133.0145","",100,"3,3-Dimethyl-1,2-dithiolane"
"72",72,"mz133.0502","C01801 C04272 C06257",100,"Deoxyribose"
"73",73,"mz134.0069","",100,"Benzothiazole"
"74",74,"mz134.0471","C00147",100,"Adenine"
"75",75,"mz135.0298","",100,"1-Pentanesulfenothioic acid"
"76",76,"mz135.0452","C00548 C01454 C03765 C05613 C07086 C07211 C07215 C10761",100,"Phenyl acetate"
"77",77,"mz136.9562","",100,"1,3,5-Trithiane"
"78",78,"mz137.0006","C06454",100,"Fosfomycin"
"79",79,"mz138.9809","C00227 C05682",100,"Acetyl-P"
"80",80,"mz139.0757","C16656",100,"cis-1,2-Dihydro-3-ethylcatechol"
"81",81,"mz140.9680","C03576",100,"2-Mercaptoethanesulfonate"
"82",82,"mz141.0304","C03088",100,"5-Hydroxymethyluracil"
"83",83,"mz141.0553","",100,"4-Oxocyclohexanecarboxylate"
"84",84,"mz142.0508","",100,"2-Hydroxymethylclavam"
"85",85,"mz143.0349","C00922",100,"2,3-Dimethylmaleate"
"86",86,"mz143.0463","C19485",100,"N-Nitrosoproline"
"87",87,"mz143.0711","",100,"trans-4-Hydroxycyclohexanecarboxylate"
"88",88,"mz143.1077","C06423 C07185",100,"Octanoic acid"
"89",89,"mz144.0304","C00940",100,"2-Oxoglutaramate"
"90",90,"mz144.0666","C01475 C02946 C03239 C03656 C04076",100,"4-Acetamidobutanoate"
"91",91,"mz145.0145","C08369",100,"Di-2-propenyl disulfide, 9CI"
"92",92,"mz145.0617","C00064 C00819 C05100",100,"Glutamine"
"93",93,"mz145.0981","C00047 C00739 C01142 C01186",100,"Lysine"
"94",94,"mz146.0458","C00025 C00217 C00979 C05938 C12269",100,"Glutamate"
"95",95,"mz147.0298","",100,"2-Propenyl propyl disulfide"
"96",96,"mz147.0492","",100,"3-(Methylthio)propyl acetate"
"97",97,"mz147.0664","C00418 C06007",100,"Mevalonate"
"98",98,"mz148.9911","C14872",100,"Thiodiacetic acid"
"99",99,"mz149.0240","C02137 C10812",100,"Phenylglyoxylic acid"
"100",100,"mz149.0453","C00121 C00181 C00259 C00309 C00310 C00312 C01488 C06115 C08353",100,"Pentose"
"101",101,"mz149.0606","C01839 C01963 C02646 C05629 C15513 C17883",100,"Hydrocinnamic acid"
"102",102,"mz150.0558","C03005 C16571 C17756",100,"Acetaminophen"
"103",103,"mz151.0262","C00385 C07599",100,"Xanthine"
"104",104,"mz151.0399","C00642 C00755 C01983 C01984 C02181 C02519 C03663 C04043 C05593 C05852 C10675 C10804 C12305 C13635 C14088",100,"p-Hydroxyphenylacetic acid"
"105",105,"mz151.0608","C00379 C00474 C00532 C01904",100,"Ribitol"
"106",106,"mz151.1126","C00964 C01499 C02452 C02759 C07271 C09847 C09859 C09885 C09893 C09906 C11395 C11408 C11409 C11415 C11938 C11941 C18018 C20260",100,"(-)-trans-Carveol"
"107",107,"mz152.9684","",100,"(E)-S-1-Propenyl thiosulfate"
"108",108,"mz153.0193","C00196 C00230 C00628 C16748",100,"Gentisic acid"
"109",109,"mz153.0305","",100,"5-(2-carboxylatoethyl)-4-oxo-4,5-dihydro-1H-imidazol-5-ide"
"110",110,"mz153.0916","",100,"C9:2"
"111",111,"mz154.0620","C00135",100,"Histidine"
"112",112,"mz154.9840","",100,"S-Propyl thiosulfate"
"113",113,"mz155.0089","C00295",100,"Orotate"
"114",114,"mz155.0347","",100,"Ascladiol"
"115",115,"mz155.1438","C00400 C00553 C09849 C11386 C12307",100,"Menthol"
"116",116,"mz156.0303","C02220",100,"2-Aminomuconic acid"
"117",117,"mz156.9278","",100,"Dimethyl tetrasulfide"
"118",118,"mz157.0502","C02631",100,"Isopropylmaleate"
"119",119,"mz157.0869","C02975 C16652 C16655",100,"cis-4-Hydroxycyclohexylacetic acid"
"120",120,"mz157.1233","C01601",100,"Oenanthic ether"
"121",121,"mz158.0094","",100,"(E)-4-Isothiocyanato-1-(methylthio)-1-butene"
"122",122,"mz158.0608","C00637 C14789",100,"Indoleacetaldehyde"
"123",123,"mz158.0823","C02636 C03087 C08269",100,"2-Methylbutyrylglycine"
"124",124,"mz159.0300","C00322 C00846",100,"Oxoadipate"
"125",125,"mz160.0613","C00956 C01046 C03210",100,"Aminoadipate"
"126",126,"mz161.0455","",100,"(-)-1-Methylpropyl 1-propenyl disulfide"
"127",127,"mz162.0229","C06809",100,"Acetylcysteine"
"128",128,"mz162.0407","",100,"Thialdine"
"129",129,"mz163.0765","C06578 C07213 C07216 C09904 C10453 C10469 C12303",100,"Cumate"
"130",130,"mz163.1127","C08490",100,"1-(1-Methoxy-1-methylethyl)-4-methylbenzene"
"131",131,"mz164.0363","C00971 C05653 C06052 C15769",100,"4-Pyridoxolactone"
"132",132,"mz164.0716","C00079 C07527 C19565 C19578",100,"Phenylalanine"
"133",133,"mz165.0189","C01606 C06337",100,"Phthalate"
"134",134,"mz165.0405","",100,"S-Propyl 1-propanesulfinothioate"
"135",135,"mz165.9789","C14437",100,"2(3H)-Benzothiazolethione"
"136",136,"mz167.0211","C00366",100,"Urate"
"137",137,"mz167.1076","C02108 C09836 C16461",100,"C10:2"
"138",138,"mz168.0429","",100,"Phosphodimethylethanolamine"
"139",139,"mz168.0664","C00314 C00547",100,"Pyridoxine"
"140",140,"mz168.9905","C00111 C00661",100,"Glycerone phosphate"
"141",141,"mz169.0136","C01424",100,"Gallic acid"
"142",142,"mz170.0465","C03972",100,"Tetrahydrodipicolinate"
"143",143,"mz171.0065","C00093 C02979",100,"Glycerol 3-phosphate"
"144",144,"mz171.0660","",100,"2-Octenedioic acid"
"145",145,"mz171.0774","",100,"Glycylproline"
"146",146,"mz171.1024","",100,"Tetrahydrofurfuryl butyrate"
"147",147,"mz171.1387","C01571 C12289 C12292",100,"Decanoic acid (FA10:0)"
"148",148,"mz172.0616","C01250",100,"Acetyl-Glu-semialdehyde"
"149",149,"mz172.1090","",100,"Indospicine"
"150",150,"mz173.0089","C00417 C00425 C02341",100,"Aconitate"
"151",151,"mz173.0455","C00493 C04236",100,"Shikimate"
"152",152,"mz173.0824","C08278 C14570 C16658",100,"Suberic acid"
"153",153,"mz173.1042","C00062 C00792",100,"Arginine"
"154",154,"mz174.0408","",100,"Berteroin"
"155",155,"mz175.0251","C00072 C02670 C19806",100,"Hexuronic acid; Ascorbate"
"156",156,"mz175.0361","C00438 C04209",100,"Carbamoyl-Asp"
"157",157,"mz175.0439","",100,"2-Oxo-6-methylthiohexanoic acid"
"158",158,"mz175.0602","C02504 C04411",100,"3-Propylmalate"
"159",159,"mz175.0756","C12299",100,"Ethyl cinnamate"
"160",160,"mz176.0715","",100,"5-Hydroxytryptophol"
"161",161,"mz177.0201","C09001 C09263",100,"7,8-Dihydroxycoumarin"
"162",162,"mz177.0397","C00198 C01040 C01216 C03383 C05394",100,"Glucono-lactone"
"163",163,"mz177.0558","C14784",100,"4-Methoxycinnamic acid"
"164",164,"mz178.0720","C00329 C08349",100,"Hexosamine"
"165",165,"mz179.0030","",100,"2,4,6-Trimethyl-1,3,5-trithiane"
"166",166,"mz179.0347","C01179 C01197 C01405 C01481 C05350 C12623",100,"4-Hydroxyphenylpyruvic acid"
"167",167,"mz179.0561","C00031 C00137 C00159 C00221 C00247 C00267 C00738 C00795 C00962 C00984 C01487 C01825 C02336 C06150 C06151 C06152 C06153 C10906 C15923",100,"Hexose"
"168",168,"mz179.0721","C00590",100,"3-Methoxybenzenepropanoic acid"
"169",169,"mz180.0332","",100,"Acamprosate"
"170",170,"mz180.0657","C00082 C04368 C19579",100,"Tyrosine"
"171",171,"mz180.9404","",25,"Methylselenopyruvate"
"172",172,"mz181.0506","C03672 C05582 C05583 C10447 C10680",100,"Homovanillic acid"
"173",173,"mz182.0094","",100,"5-Nitrosalicylate"
"174",174,"mz182.0460","C00847",100,"4-Pyridoxate"
"175",175,"mz182.9968","",100,"Methyl 1-(methylsulfinyl)propyl disulfide"
"176",176,"mz183.0126","",100,"Polystyrene sulfonate"
"177",177,"mz183.0295","C05580",100,"3,4-Dihydroxymandelate"
"178",178,"mz183.0662","C00588",100,"Choline-P"
"179",179,"mz183.1028","",100,"5-exo-Hydroxy-1,2-campholide"
"180",180,"mz183.1140","",100,"N-(3-acetamidopropyl)pyrrolidin-2-one"
"181",181,"mz183.1393","C12295 C13422 C13910",100,"Citronellyl formate"
"182",182,"mz183.1753","C02278 C14996",100,"Dodecylaldehyde"
"183",183,"mz184.0016","C01005",100,"Phosphoserine"
"184",184,"mz184.9856","",100,"Diethyldithiophosphate"
"185",185,"mz185.0817","",100,"5-(2-Methylpropyl)tetrahydro-2-oxo-3-furancarboxylic acid"
"186",186,"mz185.1182","C17620",100,"3-Oxodecanoic acid"
"187",187,"mz185.1544","C17715",100,"Undecanoic acid"
"188",188,"mz186.1131","C01092",100,"N-Heptanoylglycine"
"189",189,"mz187.0073","",100,"p-Cresol sulfate"
"190",190,"mz187.0245","C04225",100,"cis-2-Methylaconitate"
"191",191,"mz187.0410","",100,"Isoplumbagin"
"192",192,"mz187.0610","",100,"Tetrahydro-2,5-furan-diacetic acid"
"193",193,"mz187.0975","C08261",100,"Azelaic acid"
"194",194,"mz188.0565","C00624",100,"Acetyl-Glu"
"195",195,"mz189.0051","C05379",100,"Oxalosuccinic acid"
"196",196,"mz189.0405","",100,"5-(Methylthio)-2-[(methylthio)methyl]-2-pentenal"
"197",197,"mz189.0515","C05829",100,"Carbamyl-Glu"
"198",198,"mz189.0594","",100,"Ethyl 4-(acetylthio)butyrate"
"199",199,"mz189.0765","",100,"3-Hydroxysuberic acid"
"200",200,"mz190.0545","C02712",100,"Acetyl-Met"
"201",201,"mz190.0870","",100,"5-Methoxytryptophol"
"202",202,"mz191.0198","C00158 C00311 C00451 C04575 C04617",100,"(Iso)Citrate"
"203",203,"mz193.0354","C00191 C00470 C00618 C01062 C06472 C08348 C15673",100,"Hexuronate"
"204",204,"mz195.0515","",100,"1,3-Dimethyluric acid"
"205",205,"mz196.0242","C04604",100,"3-Hydroxy-2-methylpyridine-4,5-dicarboxylate"
"206",206,"mz196.0728","C02997",100,"Acetyl-His"
"207",207,"mz197.0135","",100,"2-[(sulfooxy)methyl]butanoic acid"
"208",208,"mz198.0409","C06662",100,"Clavulanate"
"209",209,"mz198.0883","C06114",100,"gamma-Glutamyl-beta-aminopropiononitrile"
"210",210,"mz199.0171","",25,"4-Chloro-3,5-dimethoxybenzaldehyde"
"211",211,"mz199.0379","",25,"Potassium 2-(1''-ethoxy) ethoxypropanoate"
"212",212,"mz199.0618","",100,"3,6-Dihydro-4-(4-methyl-3-pentenyl)-1,2-dithiin"
"213",213,"mz199.1339","",100,"(S)-9-Hydroxy-10-undecenoic acid"
"214",214,"mz199.1701","C02679",100,"Dodecanoic acid (FA12:0)"
"215",215,"mz199.9702","C05824",100,"Sulfo-Cys"
"216",216,"mz200.9958","",100,"Benzoyl phosphate"
"217",217,"mz201.0768","C04067",100,"4-Heptenal diethyl acetal"
"218",218,"mz201.1130","C08277",100,"Sebacic acid"
"219",219,"mz202.1082","C02571",100,"L-Acetylcarnitine"
"220",220,"mz203.0204","",100,"Daucic acid"
"221",221,"mz203.0563","",100,"3,5,6-Trihydroxy-5-(hydroxymethyl)-2-methoxy-2-cyclohexen-1-one"
"222",222,"mz203.0834","C00078 C00525 C00806 C07839",100,"Tryptophan"
"223",223,"mz204.0666","C02043 C05660",100,"Indolelactic acid"
"224",224,"mz204.1237","C05944",100,"Pantothenol"
"225",225,"mz205.0351","C01251 C04593",100,"2-Methylcitric acid"
"226",226,"mz205.1595","C09690 C14205",100,"4-(1,1,3,3-Tetramethylbutyl)-phenol"
"227",227,"mz206.0496","",100,"(2R,2''S)-Isobuteine"
"228",228,"mz206.1187","",100,"Ciclopirox"
"229",229,"mz207.0483","",100,"Methyl 5-(1-Propynyl)-2-thiophenepropanoate"
"230",230,"mz207.0664","C02381 C09816",100,"(R)-2-Benzylsuccinate"
"231",231,"mz207.1388","",100,"Eremopetasinorol"
"232",232,"mz208.0161","",25,"4-Chloro-1H-indole-3-acetic acid"
"233",233,"mz209.0455","C05619",100,"Vanilpyruvic acid"
"234",234,"mz209.0816","C02325 C07350",100,"Sinapyl alcohol"
"235",235,"mz209.1546","",100,"C13:2"
"236",236,"mz211.0255","",100,"2-oxo-3-(3,4,5-trihydroxyphenyl)propanoic acid"
"237",237,"mz211.0607","C09801 C10674 C11155",100,"Vanillactic acid"
"238",238,"mz211.0769","C01408 C12537",100,"Benzyl Benzoate"
"239",239,"mz211.0970","",100,"3,4-Methyleneazelaic acid"
"240",240,"mz211.1339","C16309",100,"Cucurbic acid"
"241",241,"mz212.0928","",100,"2-(2,6-dihydroxy-3,4-dimethoxycyclohexylidene)acetonitrile"
"242",242,"mz213.1133","",100,"5-Hexyltetrahydro-2-oxo-3-furancarboxylic acid"
"243",243,"mz213.1493","C02367",100,"3-Oxododecanoic acid"
"244",244,"mz214.0486","C01233",100,"Glycerylphosphorylethanolamine"
"245",245,"mz214.0732","C08272",100,"Kinetin"
"246",246,"mz214.1447","",100,"N-Nonanoylglycine"
"247",247,"mz216.0517","",100,"Lycoperdic acid"
"248",248,"mz216.0990","C15532",100,"N-a-Acetylcitrulline"
"249",249,"mz218.0672","",100,"1-Isothiocyanato-7-(methylsulfinyl)heptane"
"250",250,"mz218.1034","C00864",100,"Pantothenic acid"
"251",251,"mz218.1185","",100,"Tanakamine"
"252",252,"mz219.0345","",100,"1-Propenyl 1-(1-propenylthio)propyl disulfide"
"253",253,"mz219.0658","",100,"Eugenitin"
"254",254,"mz219.1383","",100,"2,6-Di-tert-butylbenzoquinone"
"255",255,"mz219.1750","C09720 C14550 C14693 C16908 C16945 C16974 C17915",100,"Nootkatol"
"256",256,"mz220.0623","",100,"Methyl 5-hydroxyoxindole-3-acetate"
"257",257,"mz220.1342","C10142",100,"Dioscorine"
"258",258,"mz221.0819","C10429 C10449",100,"Monoisobutyl phthalic acid"
"259",259,"mz221.1546","C09715",100,"Rishitin"
"260",260,"mz223.0618","C00482 C09506",100,"Elenolide"
"261",261,"mz223.0972","",100,"Diplosporin"
"262",262,"mz224.0928","",100,"(2S)-2-amino-3-(4-hydroxy-3-methoxyphenyl)-2-methylpropanoic acid"
"263",263,"mz225.0959","",100,"3-[(2-Methyl-3-furanyl)thio]-4-heptanone"
"264",264,"mz225.1132","",100,"Allixin"
"265",265,"mz227.0022","",100,"{4-[(1E)-3-oxoprop-1-en-1-yl]phenyl}oxidanesulfonic acid"
"266",266,"mz227.0922","",100,"Propyl propane thiosulfonate"
"267",267,"mz227.1291","C16308",100,"Traumatic acid"
"268",268,"mz227.1660","",100,"11-Hydroxy-9-tridecenoic acid"
"269",269,"mz227.2016","C06424 C13798",100,"C14:0"
"270",270,"mz228.0661","C10676",100,"gamma-Fagarine"
"271",271,"mz228.0989","",100,"Asparaginyl-Proline"
"272",272,"mz228.1607","",100,"N-Decanoylglycine"
"273",273,"mz228.9653","",100,"2-hydroxy-3-(sulfooxy)butanedioic acid"
"274",274,"mz229.0119","C00117 C00199 C00231 C00620 C01112 C03906",100,"Pentose P"
"275",275,"mz229.0834","",100,"Aspartyl-L-proline"
"276",276,"mz229.1345","",100,"Ibudilast"
"277",277,"mz229.1441","C02678 C14523",100,"Dodecanedioic acid"
"278",278,"mz230.0663","C05932",100,"N2-Succinyl-L-glutamic acid 5-semialdehyde"
"279",279,"mz230.1035","",100,"Isovalerylglutamic acid"
"280",280,"mz231.0235","",100,"Cyclobrassinone"
"281",281,"mz231.0873","",100,"Glycerol 1-propanoate diacetate"
"282",282,"mz231.1751","",100,"1-(2,6,6-Trimethyl-2-cyclohexen-1-yl)-1,6-heptadien-3-one"
"283",283,"mz232.0437","",100,"Brassicanal B"
"284",284,"mz232.0936","",100,"Asparaginyl-Threonine"
"285",285,"mz233.0601","",100,"Cysteinyl-Hydroxyproline"
"286",286,"mz233.0779","",100,"L-beta-aspartyl-L-threonine"
"287",287,"mz233.1546","C09743 C16942 C16949 C17489 C17492 C17504",100,"Valerenic acid"
"288",288,"mz235.1349","C14718",100,"Heptyl 4-hydroxybenzoate"
"289",289,"mz235.1698","C09627 C16946 C17493",100,"Capsidiol"
"290",290,"mz237.0411","",100,"Benzoylmalic acid"
"291",291,"mz237.0915","",100,"Cinnamyl benzoate"
"292",292,"mz237.1493","",100,"Geranyl acetoacetate"
"293",293,"mz238.8913","C02466",100,"Trimetaphosphoric acid"
"294",294,"mz239.0164","C00491",100,"L-Cystine"
"295",295,"mz239.0594","",100,"Propyl 1-(propylsulfinyl)propyl disulfide"
"296",296,"mz239.2015","",100,"C15:1"
"297",297,"mz239.2376","C00517",100,"Palmitaldehyde"
"298",298,"mz239.9978","",100,"Indole-3-carboxilic acid-O-sulphate"
"299",299,"mz240.0516","",100,"2,4-Dihydroxy-6,7-dimethoxy-2H-1,4-benzoxazin-3(4H)-one"
"300",300,"mz240.9937","C15650",100,"5-(methylthio)-2,3-Dioxopentyl phosphate"
"301",301,"mz241.0121","C04299",100,"Inositol cyclic phosphate"
"302",302,"mz241.0717","",100,"Genipinic acid"
"303",303,"mz241.1443","",100,"2-Carboxy-4-dodecanolide"
"304",304,"mz241.1813","",100,"3-Oxotetradecanoic acid"
"305",305,"mz241.2170","C16537",100,"C15:0"
"306",306,"mz242.1761","",100,"N-Undecanoylglycine"
"307",307,"mz243.0335","",100,"4-phenylbutanic acid-O-sulphate"
"308",308,"mz243.0623","C00299 C02067",100,"Uridine"
"309",309,"mz243.1602","",100,"1,11-Undecanedicarboxylic acid"
"310",310,"mz244.1302","",100,"Asparaginyl-Isoleucine"
"311",311,"mz244.1557","",100,"2-Methylbutyroylcarnitine"
"312",312,"mz245.1139","",100,"L-beta-aspartyl-L-leucine"
"313",313,"mz246.0977","C01594",100,"Malonylcarnitine"
"314",314,"mz246.1503","C07128 C11792",100,"Meperidine"
"315",315,"mz247.0539","C07666",100,"Dapsone"
"316",316,"mz247.1700","",100,"C16:4"
"317",317,"mz248.1658","",100,"Alprenolol"
"318",318,"mz249.0544","C00669",100,"gamma-Glutamylcysteine"
"319",319,"mz251.0533","",100,"Cysteinyl-Methionine"
"320",320,"mz251.0715","",100,"Anisindione"
"321",321,"mz251.1288","",100,"2,2,4,4-Tetramethyl-6-(1-oxobutyl)-1,3,5-cyclohexanetrione"
"322",322,"mz251.2015","",100,"C16:2"
"323",323,"mz252.0741","C05926",100,"L-Threoneopterin"
"324",324,"mz252.0874","",100,"N-Acetylvanilalanine"
"325",325,"mz253.0837","C16582 C16584",100,"L-Agaridoxin"
"326",326,"mz253.2169","C08362",100,"Hypogeic acid"
"327",327,"mz255.0872","",100,"3-hydroxy-3-(3,4,5-trimethoxyphenyl)propanoic acid"
"328",328,"mz255.1031","C08731",100,"Xenognosin A"
"329",329,"mz255.1134","",100,"1-(9H-Pyrido[3,4-b]indol-1-yl)-1,4-butanediol"
"330",330,"mz255.1605","",100,"5-Nonyltetrahydro-2-oxo-3-furancarboxylic acid"
"331",331,"mz256.0946","C00670",100,"Glycerophosphocholine"
"332",332,"mz257.0071","C01236 C04442",100,"6-Phosphonoglucono-D-lactone"
"333",333,"mz257.1028","",100,"1,1''-(Tetrahydro-6a-hydroxy-2,3a,5-trimethylfuro[2,3-d]-1,3-dioxole-2,5-diyl)bis-ethanone"
"334",334,"mz257.1756","C11002 C14260",100,"Tetradecanedioic acid"
"335",335,"mz257.2132","",100,"10-Hydroxymyristic acid methyl ester"
"336",336,"mz258.0383","C00352 C12214",100,"Hexosamine P"
"337",337,"mz258.1459","",100,"Glutaminylisoleucine"
"338",338,"mz258.1711","",100,"Hexanoylcarnitine"
"339",339,"mz259.0044","C04188 C04582",100,"5-Methylthioribose 1-phosphate"
"340",340,"mz259.0225","C00085 C00092 C00103 C00275 C00446 C00636 C01094 C01097 C01172 C01177 C02888 C03267 C03384 C03546 C03862 C04006 C05345",100,"Hexose P"
"341",341,"mz259.0820","",100,"3-Furanmethanol glucoside"
"342",342,"mz259.1180","",100,"Glycerol tripropanoate"
"343",343,"mz260.0885","",100,"Aspartyl-Glutamine"
"344",344,"mz260.1133","C08334",100,"Methylmalonylcarnitine"
"345",345,"mz260.1255","",100,"Gamma glutamyl ornithine"
"346",346,"mz261.0727","",100,"L-beta-aspartyl-L-glutamic acid"
"347",347,"mz261.1092","C01683",100,"Nopalinic acid"
"348",348,"mz262.0863","",100,"Asparaginyl-Methionine"
"349",349,"mz263.1299","C06082 C09600",100,"Hulupinic acid"
"350",350,"mz263.1648","",100,"12-Oxo-2,3-dinor-10,15-phytodienoic acid"
"351",351,"mz264.0620","C16625",100,"Isoniazid alpha-ketoglutaric acid"
"352",352,"mz264.1083","",100,"D-1-[(3-Carboxypropyl)amino]-1-deoxyfructose"
"353",353,"mz264.9519","C00236 C01159",100,"Glyceric acid 1,3-biphosphate"
"354",354,"mz265.1080","",100,"3'',4'',5''-Trimethoxycinnamyl alcohol acetate"
"355",355,"mz265.2178","",100,"Methyl 2E,4Z-hexadecadienoate"
"356",356,"mz265.2528","",100,"9-Octadecenal"
"357",357,"mz267.0730","C00294",100,"Inosine"
"358",358,"mz267.1233","",100,"Kamahine C"
"359",359,"mz267.2328","C12100 C16536",100,"Cyclohexaneundecanoic acid"
"360",360,"mz267.2690","C01838",100,"Stearaldehyde"
"361",361,"mz269.0665","",100,"Phenylglucuronide"
"362",362,"mz269.0875","",100,"D-erythro-L-galacto-Nonulose"
"363",363,"mz269.2120","",100,"3-Oxohexadecanoic acid"
"364",364,"mz269.2483","C16995",100,"Heptadecanoic acid"
"365",365,"mz270.0773","",100,"Koeniginequinone B"
"366",366,"mz270.2073","",100,"Tridecanoylglycine"
"367",367,"mz271.2276","",100,"(R)-3-Hydroxy-hexadecanoic acid"
"368",368,"mz273.0017","C05385",100,"D-Glucuronic acid 1-phosphate"
"369",369,"mz273.0512","",100,"cis,trans-5''-Hydroxythalidomide"
"370",370,"mz273.0921","",100,"Bakers yeast extract"
"371",371,"mz273.1862","C07254",100,"C18:5"
"372",372,"mz274.0932","C08340",100,"Sarmentosin"
"373",373,"mz274.1042","C05283",100,"Norophthalmic acid"
"374",374,"mz274.1299","",100,"Glutarylcarnitine"
"375",375,"mz274.1410","",100,"Epsilon-(gamma-Glutamyl)-lysine"
"376",376,"mz275.0172","C00345",100,"6-Phosphogluconate"
"377",377,"mz275.0885","C05282",100,"gamma-Glutamylglutamic acid"
"378",378,"mz276.1017","",100,"Glutaminylmethionine"
"379",379,"mz276.1713","",100,"N-Acetylprocainamide"
"380",380,"mz277.1446","C03343 C14214 C15205",100,"Alpha-CEHC"
"381",381,"mz277.1826","",100,"2-ethyl-1,5-dimethyl-3,3-diphenylpyrrolinium (EDDP)"
"382",382,"mz278.0555","C06909",100,"Cidofovir"
"383",383,"mz279.2327","C01595 C04056",100,"C18:2"
"384",384,"mz280.2640","C19670",100,"Oleamide"
"385",385,"mz282.0767","",100,"Avenanthramide 1p"
"386",386,"mz283.0819","",100,"p-Cresol glucuronide"
"387",387,"mz283.1336","C14441",100,"16-Oxoestrone"
"388",388,"mz284.0689","",100,"3,5,7-trihydroxy-2-(3-methoxyphenyl)-1-chromen-1-ylium"
"389",389,"mz284.0963","C07372",100,"Probenecid"
"390",390,"mz285.0493","C03838",100,"Glycineamideribotide"
"391",391,"mz285.0972","C01451 C03351",100,"Salicin"
"392",392,"mz285.2071","C19615",100,"Hexadecanedioic acid"
"393",393,"mz286.0701","",100,"Tenofovir"
"394",394,"mz287.0520","C01103",100,"Orotidine"
"395",395,"mz287.2230","C08285",100,"(S)-10,16-Dihydroxyhexadecanoic acid"
"396",396,"mz288.1247","",100,"Benzoyl ecgonine"
"397",397,"mz288.9492","",100,"Bis(2-methyl-3-furanyl)tetrasulfide"
"398",398,"mz289.0329","C00281 C06222",100,"Sedoheptulose P"
"399",399,"mz291.0186","",100,"[2-hydroxy-5-(2-hydroxy-3-methoxy-3-oxopropyl)phenyl]oxidanesulfonic acid"
"400",400,"mz291.0981","",100,"(2S,4S)-Monatin"
"401",401,"mz291.1609","C10459",100,"9-Acetoxyfukinanolide"
"402",402,"mz291.2323","C03852 C07632 C12525",100,"3b,17b-Dihydroxyetiocholane"
"403",403,"mz292.1396","",100,"N-(1-Deoxy-1-fructosyl)leucine"
"404",404,"mz293.0245","",100,"4-[(2,4-Dihydroxyphenyl)azo]benzenesulfonic acid"
"405",405,"mz293.0431","",100,"Wasalexin A"
"406",406,"mz293.0495","",100,"(2-hydroxy-1,2-diphenylethoxy)sulfonic acid"
"407",407,"mz293.0999","",100,"Distichonic acid A"
"408",408,"mz293.1404","",100,"Alosetron"
"409",409,"mz295.0423","",100,"N-Acetyldjenkolic acid"
"410",410,"mz295.0714","",100,"5,5'',6,6''-Tetrahydroxy-3,3''-biindolyl"
"411",411,"mz295.1190","C09747",100,"Deoxynivalenol"
"412",412,"mz295.1547","C09674",100,"Ovalicin"
"413",413,"mz295.2639","C00174",100,"Nonadeca-10(Z)-enoic acid"
"414",414,"mz297.1137","",100,"7C-aglycone"
"415",415,"mz297.2428","C08365",100,"3-Oxooctadecanoic acid"
"416",416,"mz297.2795","C16535 C16794",100,"C19:0"
"417",417,"mz298.0719","C08472",100,"Avenanthramide 1c"
"418",418,"mz299.1287","",100,"Myrigalone E"
"419",419,"mz299.2587","",100,"(R)-3-Hydroxy-Octadecanoic acid"
"420",420,"mz300.0873","",100,"Citpressine I"
"421",421,"mz300.9989","C10788",100,"Ellagic acid"
"422",422,"mz301.0557","",100,"Pyrogallol-2-O-glucuronide"
"423",423,"mz301.0749","",100,"{[1-(4-methoxyphenyl)-4-methyl-3-oxopentyl]oxy}sulfonic acid"
"424",424,"mz301.1655","C13870",100,"Glycerol tributanoate"
"425",425,"mz301.2170","C02075 C06428 C07198 C09118 C12077",100,"Eicosapentaenoic acid"
"426",426,"mz302.0938","C07825",25,"Flumazenil"
"427",427,"mz302.1613","",100,"Pimelylcarnitine"
"428",428,"mz303.0688","",100,"[4-(2-phenylcyclobutyl)phenyl]oxidanesulfonic acid"
"429",429,"mz303.0833","C12270",100,"N-Acetylaspartylglutamic acid"
"430",430,"mz303.1610","",100,"2-Polyprenyl-3-methyl-5-hydroxy-6-methoxy-1,4-benzoquinone"
"431",431,"mz303.2328","C00219 C14605",100,"Arachidonic acid"
"432",432,"mz304.1510","",100,"Syndesine"
"433",433,"mz305.0667","C12127 C12136",100,"(-)-Epigallocatechin"
"434",434,"mz305.2481","C03242 C16522",100,"8,11,14-Eicosatrienoic acid"
"435",435,"mz306.0767","C00051",77,"Glutathione"
"436",436,"mz307.0337","C00365",100,"dUMP"
"437",437,"mz307.2641","C09183 C16525",100,"Eicosadienoic acid"
"438",438,"mz308.0984","C19909 C19910",100,"N-Acetylneuraminic acid"
"439",439,"mz308.2957","",100,"N-Hexadecanoylpyrrolidine"
"440",440,"mz308.9782","C01151",100,"Ribose 1,5-bisphosphate"
"441",441,"mz309.0763","",100,"6,11-Dihydroxy-2,2-dimethylpyrano[3,2-c]xanthen-7(2H)-one"
"442",442,"mz309.2796","C03425 C16526",100,"C20:1"
"443",443,"mz311.1687","",97,"N-Undecylbenzenesulfonic acid"
"444",444,"mz311.2952","C01607 C06425",100,"3D,7D,11D-Phytanic acid"
"445",445,"mz312.0877","",100,"Avenanthramide 1f"
"446",446,"mz312.1247","C02717 C16984",100,"Moupinamide"
"447",447,"mz313.0443","C04376",100,"FGAR"
"448",448,"mz313.1656","",100,"(-)-trans-Carveol glucoside"
"449",449,"mz313.2380","C14828 C14829",100,"Octadecanedioic acid"
"450",450,"mz313.2744","",100,"3-hydroxypristanic acid"
"451",451,"mz314.0677","",100,"Avenanthramide C"
"452",452,"mz315.2539","C15988",100,"MG(0:0/15:0/0:0)"
"453",453,"mz315.2905","",100,"1,2,4-Nonadecanetriol"
"454",454,"mz316.2126","",100,"3-hydroxynonanoyl carnitine"
"455",455,"mz316.9212","C08141",25,"Tiludronate"
"456",456,"mz318.0869","",100,"Ibandronate"
"457",457,"mz319.0280","",100,"{2-hydroxy-5-[(2E)-3-phenylprop-2-enoyl]phenyl}oxidanesulfonic acid"
"458",458,"mz320.0623","",100,"Beta-Citryl-L-glutamic acid"
"459",459,"mz320.2236","",100,"Homodihydrocapsaicin"
"460",460,"mz321.0164","C05905",25,"Cyanidin"
"461",461,"mz321.0494","C00364",100,"dTMP"
"462",462,"mz322.0446","C00055 C03104",100,"CMP"
"463",463,"mz323.0287","C00105 C01168 C01368 C03031",100,"UMP"
"464",464,"mz323.0773","",100,"Mahaleboside"
"465",465,"mz323.1068","C06806",100,"Acetohexamide"
"466",466,"mz323.1508","",100,"AF Toxin II"
"467",467,"mz323.2224","",100,"1-Acetoxy-2-hydroxy-16-heptadecyn-4-one"
"468",468,"mz323.2952","",100,"C21:1"
"469",469,"mz324.1718","C07543",100,"Ergonovine"
"470",470,"mz325.1844","",95,"2-Dodecylbenzenesulfonic acid"
"471",471,"mz327.1451","",100,"Cymorcin monoglucoside"
"472",472,"mz327.1818","",100,"7-hydroxygranisetron"
"473",473,"mz327.2542","",100,"MG(0:0/16:1(9Z)/0:0)"
"474",474,"mz327.2897","",100,"Polyoxyethylene 40 monostearate"
"475",475,"mz328.2127","",100,"6-Keto-decanoylcarnitine"
"476",476,"mz328.2497","",100,"4,8 Dimethylnonanoyl carnitine"
"477",477,"mz329.2334","C14833 C14835",100,"9,12,13-TriHOME"
"478",478,"mz329.2481","C16184 C16513",100,"C22:5"
"479",479,"mz330.0557","C01608",100,"Piroxicam"
"480",480,"mz330.2032","",100,"Marimastat"
"481",481,"mz330.2281","",100,"3-hydroxydecanoyl carnitine"
"482",482,"mz331.0671","",100,"6-Galloylglucose"
"483",483,"mz331.0823","",100,"3,4'',5-Trihydroxy-3'',7-dimethoxyflavanone"
"484",484,"mz331.2639","C16527",100,"C22:4"
"485",485,"mz333.0592","C01225",100,"1-(sn-Glycero-3-phospho)-1D-myo-inositol"
"486",486,"mz333.0914","C05551",100,"Penicillin G"
"487",487,"mz333.2797","",100,"Docosatrienoic acid"
"488",488,"mz334.3114","",100,"Pipericine"
"489",489,"mz335.0403","",100,"nicotinate beta-D-ribonucleotide"
"490",490,"mz335.0774","C10434",100,"3-Caffeoyl-1,5-quinolactone"
"491",491,"mz335.1574","",100,"N2-Fructopyranosylarginine"
"492",492,"mz335.2963","C16533",100,"Docosadienoate (22:2n6)"
"493",493,"mz337.0557","",100,"2-O-Acetyl-trans-coutaric acid"
"494",494,"mz338.1180","",100,"7-Hydroxygliclazide"
"495",495,"mz338.1883","",100,"Methylergonovine"
"496",496,"mz338.9888","C00354 C00665 C01220 C01231 C03785 C04062 C04063 C04064 C05378",100,"Hexose bisP"
"497",497,"mz339.2333","",100,"Plastoquinone 3"
"498",498,"mz339.3269","C08281",100,"C22:0"
"499",499,"mz340.1672","",100,"N1-(2-Methoxy-4-methylbenzyl)-n2-(2-(5-methylpyridin-2-yl)ethyl)oxalamide"
"500",500,"mz341.1093","C00089 C00208 C00243 C00252 C00897 C01083 C01235 C01518 C01970 C03323 C04147 C05400 C05402 C06422 C07064 C19632 C19636",100,"Disaccharide"
"501",501,"mz341.1613","",100,"Jasmolone glucoside"
"502",502,"mz341.1978","",100,"2,3-Dinor-6-keto-prostaglandin F1 a"
"503",503,"mz342.1353","",100,"N-trans-Feruloyl-4-O-methyldopamine"
"504",504,"mz343.1392","",100,"(-)-erythro-Anethole glycol 1-glucoside"
"505",505,"mz343.1703","",100,"2-{4-[(1E)-1,2-diphenylbut-1-en-1-yl]phenoxy}ethan-1-ol"
"506",506,"mz343.3214","",100,"MG(18:0e/0:0/0:0)"
"507",507,"mz344.2443","",100,"3-hydroxyundecanoyl carnitine"
"508",508,"mz345.0977","",100,"Muscomin"
"509",509,"mz345.1187","C09771",100,"Di-O-methylcrenatin"
"510",510,"mz345.1701","C11859",100,"Gibberellin A113"
"511",511,"mz346.0558","C00020 C00362 C00946 C01367 C19970",100,"AMP"
"512",512,"mz347.0401","",100,"2-(2,5-dihydroxy-4-methoxyphenyl)-3,5,6,7-tetrahydroxy-4H-chromen-4-one"
"513",513,"mz347.2218","C05475 C05478 C05487",100,"3b,15b,17a-Trihydroxy-pregnenone"
"514",514,"mz347.2592","C10759",100,"2-Hydroxy-6-pentadecylbenzoic acid"
"515",515,"mz349.2756","",100,"3,4-Dimethyl-5-pentyl-2-furanundecanoic acid"
"516",516,"mz350.1474","",100,"9-(beta-D-Ribofuranosyl)zeatin"
"517",517,"mz351.1236","",100,"Xanthohumol C"
"518",518,"mz351.1823","",100,"[4]-Gingerdiol 3,5-diacetate"
"519",519,"mz351.3262","",100,"C23:1"
"520",520,"mz352.0836","",100,"Acenocoumarol"
"521",521,"mz353.1576","",100,"Valganciclovir"
"522",522,"mz353.1744","",100,"1-dodecanoyl-glycero-3-phosphate"
"523",523,"mz353.3423","",100,"C23:0"
"524",524,"mz355.0450","",100,"Xerocomic acid"
"525",525,"mz355.1117","C07675",100,"Pioglitazone"
"526",526,"mz355.1790","",100,"Xanthoplanine"
"527",527,"mz355.2275","",100,"1-Formylneogrifolin"
"528",528,"mz355.2850","",100,"MG(0:0/18:1(11Z)/0:0)"
"529",529,"mz355.3209","",100,"2(R)-hydroxydocosanoic acid"
"530",530,"mz356.0981","",100,"Cyclodopa glucoside"
"531",531,"mz356.1142","",100,"Gravacridonetriol"
"532",532,"mz358.1141","",100,"Epinephrine glucuronide"
"533",533,"mz359.2953","",100,"C24:4"
"534",534,"mz360.1300","",100,"De-O-methylsimmondsin"
"535",535,"mz361.3118","",100,"C24:3"
"536",536,"mz362.0507","C00144 C18239",100,"GMP"
"537",537,"mz362.2444","",100,"Talinolol"
"538",538,"mz363.0170","C04646",100,"6-Thioinosine-5''-monophosphate"
"539",539,"mz363.0351","C00655",100,"Xanthylic acid"
"540",540,"mz363.1805","C17642",100,"12-Oxo-20-carboxy-leukotriene B4"
"541",541,"mz363.2542","",100,"6-O-Acetylaustroinulin"
"542",542,"mz364.0860","",100,"4beta-(2-Aminoethylthio)catechin"
"543",543,"mz364.1556","",100,"Nequinate"
"544",544,"mz364.2862","",100,"N-Linoleoyl GABA"
"545",545,"mz365.1393","",100,"Curcumin II"
"546",546,"mz365.1969","C05950",100,"20-Carboxy-leukotriene B4"
"547",547,"mz365.3419","C08323",100,"C24:1"
"548",548,"mz367.0182","C01103",100,"Orotidylic acid"
"549",549,"mz367.2157","C07506",100,"Propantheline"
"550",550,"mz367.2853","",100,"Octadecyl fumarate"
"551",551,"mz367.3579","C08320",100,"C24:0"
"552",552,"mz368.2199","",100,"19-hydroxyprostaglandin H1(1-)"
"553",553,"mz368.3173","",100,"N-Stearoyl GABA"
"554",554,"mz368.9994","C00447",100,"Sedoheptulose bisP"
"555",555,"mz369.0682","C02273",100,"4-O-alpha-D-Galactopyranuronosyl-D-galacturonic acid"
"556",556,"mz369.3009","C14240",100,"Diethylhexyl adipate"
"557",557,"mz370.1302","",100,"N-Methyl-14-O-demethylepiporphyroxine"
"558",558,"mz375.0579","",100,"1-Methyl 2-galloylgalactarate"
"559",559,"mz375.1447","",100,"Carissanol"
"560",560,"mz375.1606","",100,"Kanzonol V"
"561",561,"mz377.0325","C16615",100,"6-Methylthiopurine 5''-monophosphate ribonucleotide"
"562",562,"mz377.1945","",100,"Pentosidine"
"563",563,"mz377.3070","",100,"3,4-Dimethyl-5-pentyl-2-furantridecanoic acid"
"564",564,"mz377.3421","",100,"Erucoylacetone"
"565",565,"mz378.1519","",100,"2-(Arabinosylamino)-3-(glucosylamino)propanenitrile"
"566",566,"mz379.0120","",100,"Tectorigenin 4''-sulfate"
"567",567,"mz379.1187","",100,"3-O-Methylglycyrol"
"568",568,"mz379.1509","",100,"N-(1-Deoxy-1-fructosyl)tryptophan"
"569",569,"mz379.2848","",100,"MG(0:0/20:3(11Z,14Z,17Z)/0:0)"
"570",570,"mz380.1528","C07768",25,"Azelastine"
"571",571,"mz381.3004","",100,"MG(0:0/20:2(11Z,14Z)/0:0)"
"572",572,"mz381.3735","",100,"C25:0"
"573",573,"mz382.1306","",99,"13-Oxocryptopine"
"574",574,"mz383.1894","",25,"Bortezomib"
"575",575,"mz383.3164","",100,"MG(0:0/20:1(11Z)/0:0)"
"576",576,"mz384.1461","",100,"Glaucamine"
"577",577,"mz384.2758","",100,"3-Hydroxy-cis-5-tetradecenoylcarnitine"
"578",578,"mz385.0938","",100,"8-8''-Dehydrodiferulic acid"
"579",579,"mz385.1656","",100,"Porson"
"580",580,"mz385.9678","",25,"5''-Hydroxylornoxicam"
"581",581,"mz386.9995","C01346",100,"dUDP"
"582",582,"mz388.9445","C00119",100,"Phosphoribosyl pyrophosphate"
"583",583,"mz390.1627","",25,"N-desmethyltoremifene"
"584",584,"mz391.1393","",100,"Marmesin rhamnoside"
"585",585,"mz391.2856","C02528 C04483 C07880 C15515 C17646 C17660 C17661 C17662",100,"3b,12a-Dihydroxy-5a-cholanoic acid"
"586",586,"mz392.1621","",100,"Erlotinib"
"587",587,"mz393.3739","",100,"C26:1"
"588",588,"mz395.0627","",100,"3,4,5-trihydroxy-6-{[2-(4-methoxy-1-benzofuran-5-yl)-2-oxoacetyl]oxy}oxane-2-carboxylic acid"
"589",589,"mz395.3892","",100,"C26:0"
"590",590,"mz396.1462","",100,"Simulansamide"
"591",591,"mz397.1298","C00019",100,"S-adenosyl-L-methioninate"
"592",592,"mz399.3117","",100,"3-(Acetyloxy)-2-hydroxypropyl octadecanoate"
"593",593,"mz401.0152","C00363",100,"dTDP"
"594",594,"mz401.0704","",100,"{4-[3-(5-hydroxy-2,2-dimethyl-2H-chromen-6-yl)prop-2-enoyl]phenyl}oxidanesulfonic acid"
"595",595,"mz401.1601","",100,"Clusin"
"596",596,"mz401.2339","",100,"Lucidone A"
"597",597,"mz402.0107","C00112",100,"CDP"
"598",598,"mz402.9949","C00015",100,"UDP"
"599",599,"mz403.1561","",100,"Mammeigin"
"600",600,"mz403.2240","",100,"Benzquinamide"
"601",601,"mz405.0492","",100,"1-O-p-Coumaroyl-(b-D-glucose 6-O-sulfate)"
"602",602,"mz405.3740","",100,"Nervonoylacetone"
"603",603,"mz407.1454","",100,"Melatonin glucuronide"
"604",604,"mz407.2234","",100,"cis-Methylbixin"
"605",605,"mz409.3333","",100,"MG(0:0/22:2(13Z,16Z)/0:0)"
"606",606,"mz409.4049","",100,"C27:0"
"607",607,"mz410.0264","C00206",100,"dADP"
"608",608,"mz410.3633","",100,"Tricosanoylglycine"
"609",609,"mz411.3477","",100,"MG(0:0/22:1(13Z)/0:0)"
"610",610,"mz413.1399","",100,"N-desalkyl delavirdine"
"611",611,"mz413.2181","",100,"(4R,5S,7R,11x)-11,12-Dihydroxy-1(10)-spirovetiven-2-one 12-glucoside"
"612",612,"mz413.3270","",100,"DG(8:0/13:0/0:0)"
"613",613,"mz415.1252","",100,"2-Hydroxybenzaldehyde O-[xylosyl-(1->6)-glucoside]"
"614",614,"mz415.3214","C01673 C03963 C05457 C07712 C08127 C08913 C16819 C17331 C17332 C17333 C17336",100,"24,25-Dihydroxyvitamin D"
"615",615,"mz416.1823","C10577",100,"(E)-Casimiroedine"
"616",616,"mz417.2404","",100,"CPA(18:1(11Z)/0:0)"
"617",617,"mz419.1862","",100,"Kanzonol F"
"618",618,"mz419.2430","",100,"Dimethyl 3-methoxy-4-oxo-5-(8,11,14-pentadecatrienyl)-2-hexenedioate"
"619",619,"mz419.2563","",100,"CPA(18:0/0:0)"
"620",620,"mz421.0704","",25,"7-chloro-2-(3,4-dimethoxyphenyl)-8-hydroxy-3,5,6-trimethoxy-4H-chromen-4-one"
"621",621,"mz421.2266","C07874",100,"2-Methylacetophenone"
"622",622,"mz421.4044","",100,"C28:1"
"623",623,"mz423.1401","",100,"6-Hydroxymelatonin glucuronide"
"624",624,"mz423.4205","",100,"C28:0"
"625",625,"mz424.3801","",100,"Tetracosanoylglycine"
"626",626,"mz425.0806","",100,"Cysteineglutathione disulfide"
"627",627,"mz425.3062","",100,"13''-Hydroxy-gamma-tocotrienol"
"628",628,"mz426.0222","C00008 C00054 C00361",100,"ADP"
"629",629,"mz426.1411","",100,"Pemetrexed"
"630",630,"mz427.1349","",100,"Lacosamide-glucuronide"
"631",631,"mz427.3062","",100,"Sorbitan oleate"
"632",632,"mz427.3421","",100,"3-(Acetyloxy)-2-hydroxypropyl icosanoate"
"633",633,"mz429.0829","",100,"Coumestrin"
"634",634,"mz429.3373","",100,"4alpha-Carboxy-5alpha-cholesta-8-en-3beta-ol"
"635",635,"mz430.1514","",100,"Oxynarcotine"
"636",636,"mz432.2180","",100,"Hericenone B"
"637",637,"mz435.1808","",100,"Artocarpin"
"638",638,"mz435.2514","C00416 C03805",100,"LPA(0:0/18:1(9Z))"
"639",639,"mz436.2239","",100,"N1,N10-Dicoumaroylspermidine"
"640",640,"mz436.2833","",100,"PE(P-16:0e/0:0)"
"641",641,"mz437.1823","",100,"8-Propanoylneosolaniol"
"642",642,"mz437.2673","C00416",100,"LPA(0:0/18:0)"
"643",643,"mz437.4360","",100,"C29:0"
"644",644,"mz438.0536","",100,"(2R)-2-Hydroxy-2-phenylethyl glucosinolate"
"645",645,"mz438.2624","",100,"LysoPE(0:0/15:0)"
"646",646,"mz438.3953","",100,"Pentacosanoylglycine"
"647",647,"mz439.3428","",100,"Momordol"
"648",648,"mz439.3790","",100,"MG(0:0/24:1(15Z)/0:0)"
"649",649,"mz441.3222","",100,"2,3-Diacetoxypropyl stearate"
"650",650,"mz442.0164","C00035 C20176",100,"GDP"
"651",651,"mz443.1714","",100,"6-[(3,3-dimethyloxiran-2-yl)methyl]-5-hydroxy-7-methoxy-2-(3,4,5-trimethoxyphenyl)-3,4-dihydro-2H-1-benzopyran-4-one"
"652",652,"mz445.0532","C00570",100,"CDP-ethanolamine"
"653",653,"mz445.1866","C11133",100,"Estrone glucuronide"
"654",654,"mz447.1571","",25,"Armillaridin"
"655",655,"mz448.2234","",100,"Cadabicine methyl ether"
"656",656,"mz450.2865","C08187",100,"Cabergoline"
"657",657,"mz451.4516","",100,"C30:0"
"658",658,"mz452.1558","",100,"1-Isobutanol"
"659",659,"mz452.2778","",100,"LysoPE(0:0/16:0)"
"660",660,"mz452.4111","",100,"N-hexacosanoylglycine"
"661",661,"mz453.0490","",100,"{5-[(1E)-3-{[3-(3,4-dihydroxyphenyl)-1-methoxy-1-oxopropan-2-yl]oxy}-3-oxoprop-1-en-1-yl]-2-hydroxyphenyl}oxidanesulfonic acid"
"662",662,"mz453.0663","C04823",100,"SAICAR"
"663",663,"mz453.1339","",100,"epsilon-Viniferin"
"664",664,"mz453.1973","",100,"Butyl (S)-3-hydroxybutyrate [arabinosyl-(1->6)-glucoside]"
"665",665,"mz453.3367","",100,"beta-Elemonic acid"
"666",666,"mz455.1871","C06941",100,"Delavirdine"
"667",667,"mz455.2477","",100,"Sulfolithocholic acid"
"668",668,"mz455.3738","",100,"DG(8:0/16:0/0:0)"
"669",669,"mz459.1288","",100,"Wistin"
"670",670,"mz459.3269","",100,"all-trans-Carophyll yellow"
"671",671,"mz461.2678","",100,"1-(11Z,14Z-eicosadienoyl)-glycero-3-phosphate"
"672",672,"mz461.3626","",100,"6-Deoxohomodolichosterone"
"673",673,"mz463.1243","",100,"Hesperetin 7-glucoside"
"674",674,"mz464.3144","",100,"TetraHCA"
"675",675,"mz465.3043","C18043",100,"Cholesterol sulfate"
"676",676,"mz465.4672","",100,"C31:0"
"677",677,"mz466.3076","",100,"Tiropramide"
"678",678,"mz466.9973","",100,"5-Hydroxy-1-(4-sulfophenyl)-4-[(E)-(4-sulfophenyl)diazenyl]-1H-pyrazole-3-carboxylic acid"
"679",679,"mz467.1355","",100,"Silymonin"
"680",680,"mz467.2659","",100,"3,17-Androstanediol glucuronide"
"681",681,"mz469.1873","C03514 C08788",100,"Limonin"
"682",682,"mz469.4048","C02530",100,"CE(5:0)"
"683",683,"mz474.0562","C00634",100,"Chondroitin 4-sulfate"
"684",684,"mz474.1762","C16577",100,"Codeine-6-glucuronide"
"685",685,"mz474.2859","",89,"Hydrocortamate"
"686",686,"mz475.1255","",100,"Orientin 7,3''-dimethyl ether"
"687",687,"mz478.2935","",100,"LysoPE(0:0/18:1(11Z))"
"688",688,"mz480.3091","C04230",100,"LysoPC(15:0)"
"689",689,"mz481.1629","",25,"Melleolide D"
"690",690,"mz481.9771","C00063",100,"CTP"
"691",691,"mz482.1603","",100,"2-amino-4-({1-[(carboxymethyl)-C-hydroxycarbonimidoyl]-2-[(2-hydroxy-2-methyl-3-oxo-1-phenylbutyl)sulfanyl]ethyl}-C-hydroxycarbonimidoyl)butanoic acid"
"692",692,"mz482.2288","",100,"Caffeoylferuloylspermidine"
"693",693,"mz482.9613","C00075",100,"UTP"
"694",694,"mz483.0771","",100,"Hamamelitannin"
"695",695,"mz483.2984","",100,"Ceanothine D"
"696",696,"mz484.1445","",100,"Ketotifen-N-glucuronide"
"697",697,"mz485.1451","",100,"6-{5-[(E)-2-(3,4-dihydroxyphenyl)ethenyl]-3-hydroxy-2-[(1E)-3-methylbuta-1,3-dien-1-yl]phenoxy}-3,4,5-trihydroxyoxane-2-carboxylic acid"
"698",698,"mz487.0995","C00307",100,"CDP-choline"
"699",699,"mz489.1980","",100,"Cymorcin diglucoside"
"700",700,"mz491.1193","",100,"Tricin 7-glucoside"
"701",701,"mz493.2934","",100,"PA(8:0/13:0)"
"702",702,"mz493.4985","",100,"18-Hydroxy-16-tritriacontanone"
"703",703,"mz495.1615","",100,"Cappariloside B"
"704",704,"mz495.1865","",100,"(7R*,8R*)-3-Methoxy-3'',4,7,9,9''-pentahydroxy-8,4''-oxyneolignan 4-xyloside"
"705",705,"mz495.2234","C08760",100,"Glaucarubin"
"706",706,"mz495.3058","",100,"Postin"
"707",707,"mz495.3326","C04102",100,"2-Palmitoylglycerophosphocholine"
"708",708,"mz496.2456","",100,"N1,N10-Diferuloylspermidine"
"709",709,"mz497.0581","",100,"7,8,8,12,13,21,22-heptahydroxy-19-(hydroxymethyl)-2,17,20,23-tetraoxapentacyclo[16.3.1.1,¹¹.0,.0¹,¹]tricosa-4,10,12,14-tetraene-3,6,16-trione"
"710",710,"mz497.0934","",100,"Methyl 4,6-di-O-galloyl-beta-D-glucopyranoside"
"711",711,"mz497.1670","",100,"Eucaglobulin"
"712",712,"mz497.2294","C07704",100,"Moexipril"
"713",713,"mz497.3845","",100,"TG(10:0/8:0/8:0)"
"714",714,"mz498.2624","",100,"LysoPE(0:0/20:5(5Z,8Z,11Z,14Z,17Z))"
"715",715,"mz500.2775","",100,"LysoPE(0:0/20:4(5Z,8Z,11Z,14Z))"
"716",716,"mz503.1619","C00420 C00492 C00713 C00721 C01355 C01835 C03661 C05404 C07283 C08239 C08243 C08251",100,"Triose"
"717",717,"mz503.3008","",100,"Desglucocoroloside"
"718",718,"mz503.3384","",100,"Protobassic acid"
"719",719,"mz503.3744","",100,"Ganoderiol G"
"720",720,"mz505.3545","",100,"Theasapogenol A"
"721",721,"mz505.9883","C00002 C00286 C19969",100,"ATP"
"722",722,"mz506.3244","",100,"LysoPE(0:0/20:1(11Z))"
"723",723,"mz507.2386","C04931",100,"Argatroban"
"724",724,"mz507.3685","",100,"Fasciculol C"
"725",725,"mz507.4414","",100,"FAHFA(16:1(9Z)/5-O-16:0)"
"726",726,"mz507.4780","",100,"4-Hydroxy-16,18-tritriacontanedione"
"727",727,"mz507.5141","",100,"Grewinol"
"728",728,"mz508.3404","C04230",100,"LysoPE(0:0/20:0)"
"729",729,"mz509.4208","",100,"DG(14:0/14:1(9Z)/0:0)"
"730",730,"mz509.4570","",100,"Propylene glycol mono- and diesters of fats and fatty acids"
"731",731,"mz511.1241","",100,"3,4,5-trihydroxy-6-(2-{5-hydroxy-8,8-dimethyl-2-oxo-2H,8H-pyrano[2,3-f]chromen-4-yl}phenoxy)oxane-2-carboxylic acid"
"732",732,"mz512.1352","",100,"Dioxinoacrimarine A"
"733",733,"mz513.1871","",100,"Nb-trans-Feruloylserotonin glucoside"
"734",734,"mz513.2701","",100,"Capsianoside V"
"735",735,"mz514.2844","C05122 C15516",100,"Taurocholic acid"
"736",736,"mz515.1561","",100,"Luteone 7-glucoside"
"737",737,"mz515.3008","C08796",100,"Cucurbitacin D"
"738",738,"mz517.1873","C07667",100,"(-)-Gossypol"
"739",739,"mz517.2237","",100,"2-(2,4-dihydroxy-5-methoxyphenyl)-3-(3,7-dimethylocta-2,6-dien-1-yl)-5-hydroxy-8,8-dimethyl-4H,8H-pyrano[3,2-g]chromen-4-one"
"740",740,"mz519.2348","",100,"Purothionin AII"
"741",741,"mz519.3686","",100,"Cyclopassifloic acid B"
"742",742,"mz521.2293","",100,"Bargustanine"
"743",743,"mz521.4937","",100,"Tetrahydro-6-(2-hydroxy-16,19-dimethylhexacosyl)-4-methyl-2H-pyran-2-one"
"744",744,"mz521.9832","C00044",100,"GTP"
"745",745,"mz523.3645","",100,"1-Stearoylglycerophosphocholine"
"746",746,"mz525.2796","",100,"Desmosine"
"747",747,"mz526.2933","",100,"LysoPE(0:0/22:5(4Z,7Z,10Z,13Z,16Z))"
"748",748,"mz527.3373","",100,"Ganoderic acid V"
"749",749,"mz529.4622","C08484",100,"Sabadelin"
"750",750,"mz531.1514","",100,"Sesaminol glucoside"
"751",751,"mz531.2242","",100,"Austalide D"
"752",752,"mz534.4891","",100,"N-[(4E,8E)-1,3-dihydroxyoctadeca-4,8-dien-2-yl]hexadecanamide"
"753",753,"mz535.4733","",100,"FAHFA(16:1(9Z)/9-O-18:0)"
"754",754,"mz536.5046","C00195",100,"C16 Cer"
"755",755,"mz537.0834","C10018",100,"Sennidin B"
"756",756,"mz537.1973","",100,"Diosbulbinoside F"
"757",757,"mz537.4520","",100,"DG(14:0/16:1(9Z)/0:0)"
"758",758,"mz537.4884","",100,"FAHFA(16:0/9-O-18:0)"
"759",759,"mz539.1052","",100,"6-{5-[2,3-dioxo-3-(2,4,6-trihydroxy-3-methoxyphenyl)propyl]-2-hydroxy-3-methoxyphenoxy}-3,4,5-trihydroxyoxane-2-carboxylic acid"
"760",760,"mz539.9946","C05922",100,"Formamidopyrimidine nucleoside triphosphate"
"761",761,"mz543.1866","",100,"Physalin E"
"762",762,"mz544.2253","",100,"Dihydrozeatin-9-N-glucoside-O-glucoside"
"763",763,"mz544.2935","C09996",100,"Americine"
"764",764,"mz545.0582","C11907",100,"4,6-Dideoxy-4-oxo-dTDP-D-glucose"
"765",765,"mz545.4572","",100,"Diepomuricanin A"
"766",766,"mz547.1457","",100,"6-({2-[4,6-dihydroxy-2-methoxy-3-(3-methylbut-2-en-1-yl)phenyl]-6-hydroxy-3-oxo-2,3-dihydro-1-benzofuran-5-yl}oxy)-3,4,5-trihydroxyoxane-2-carboxylic acid"
"767",767,"mz549.1407","",100,"Formononetin 7-(2-p-hydroxybenzoylglucoside)"
"768",768,"mz550.1497","",100,"2-amino-4-({1-[(carboxymethyl)-C-hydroxycarbonimidoyl]-2-{[2-(3,5-dihydroxyphenyl)-2-hydroxy-1-(4-hydroxyphenyl)ethyl]sulfanyl}ethyl}-C-hydroxycarbonimidoyl)butanoic acid"
"769",769,"mz551.3218","C03033",100,"Lithocholate 3-O-glucuronide"
"770",770,"mz551.3734","",100,"Furohyperforin"
"771",771,"mz551.4672","",100,"DG(15:0/16:1(9Z)/0:0)"
"772",772,"mz553.4473","",100,"TG(10:0/10:0/10:0)"
"773",773,"mz553.4828","",100,"DG(15:0/16:0/0:0)"
"774",774,"mz555.2090","",100,"Glaucarubolone 15-O-beta-D-glucopyranoside"
"775",775,"mz555.2621","",100,"Quinidine barbiturate"
"776",776,"mz557.2038","",100,"Physalin I"
"777",777,"mz557.4209","",100,"DG(14:1(9Z)/18:4(6Z,9Z,12Z,15Z)/0:0)"
"778",778,"mz558.0640","C00301",100,"ADP-ribose"
"779",779,"mz558.1779","",100,"Neoacrimarine K"
"780",780,"mz559.1467","",100,"Apimaysin"
"781",781,"mz559.1670","",100,"5''''-(4-Hydroxy-(E)-cinnamoyl) alpha-L-arabinofuranosyl-(1->3)-beta-D-xylopyranosyl-(1->4)-D-xylopyranoside"
"782",782,"mz559.2347","",100,"Isomorellic acid"
"783",783,"mz559.4359","",100,"DG(14:0/18:4(6Z,9Z,12Z,15Z)/0:0)"
"784",784,"mz561.4517","",100,"DG(14:0/18:3(6Z,9Z,12Z)/0:0)"
"785",785,"mz562.2507","C03642",100,"Taurolithocholic acid 3-sulfate"
"786",786,"mz563.0682","C00842 C02097",100,"dTDP-hexose"
"787",787,"mz563.3713","",100,"PA(8:0/18:0)"
"788",788,"mz563.5037","",100,"FAHFA(18:1(9Z)/12-O-18:0)"
"789",789,"mz564.5369","C00195",100,"C18 Cer"
"790",790,"mz565.0477","C00029 C00052",100,"UDP-hexose"
"791",791,"mz565.2829","",100,"Mesoporphyrin IX"
"792",792,"mz566.3256","C04230",100,"LysoPC(22:6(4Z,7Z,10Z,13Z,16Z,19Z))"
"793",793,"mz569.2663","",100,"Pipercyclobutanamide A"
"794",794,"mz571.2180","",100,"5alpha-Ethoxy-6beta-hydroxy-5,6-dihydrophysalin B"
"795",795,"mz571.2883","",100,"1-Palmitoylglycerophosphoinositol"
"796",796,"mz577.1354","C10238 C17639 C17640",100,"Procyanidin"
"797",797,"mz577.4468","",100,"Squamocin K"
"798",798,"mz577.4830","",100,"DG(15:0/18:2(9Z,12Z)/0:0)"
"799",799,"mz579.0267","C00167 C00617 C02330",100,"Uridine diphosphate glucuronic acid"
"800",800,"mz580.2584","C00413",100,"Streptomycin"
"801",801,"mz585.2715","C16641",100,"Irinotecan"
"802",802,"mz585.4882","",100,"Erythrinasinate A"
"803",803,"mz585.9554","C03483",100,"Adenosine tetraphosphate"
"804",804,"mz587.2425","",100,"Pentigetide"
"805",805,"mz588.0747","C00325 C00498 C03117 C06192",100,"GDP-L-fucose"
"806",806,"mz589.4271","C17568",100,"Ubiquinone 6"
"807",807,"mz591.4036","",100,"PA(20:0/8:0)"
"808",808,"mz593.1296","",100,"Epicatechin-(4beta->8)-gallocatechin"
"809",809,"mz593.5142","C00165 C13861",100,"DG(14:0/20:1(11Z)/0:0)"
"810",810,"mz593.5507","",100,"Ethylene glycol distearate"
"811",811,"mz597.3043","",100,"1-Oleoylglycerophosphoinositol"
"812",812,"mz599.3199","",100,"1-Stearoylglycerophosphoinositol"
"813",813,"mz600.0753","",100,"O-acetyl-ADP-ribose"
"814",814,"mz603.0044","",100,"Gallagic acid"
"815",815,"mz603.3900","",100,"3-Epipapyriferic acid"
"816",816,"mz604.0698","C00096 C00394",100,"GDP-hexose"
"817",817,"mz605.1664","",100,"Aurasperone B"
"818",818,"mz606.0745","C00043 C00203 C01170",100,"UDP-acetyl-hexosamine"
"819",819,"mz607.1094","",100,"Prodelphinidin A1"
"820",820,"mz607.3861","",100,"Torvoside G"
"821",821,"mz607.5302","",100,"DG(15:0/20:1(11Z)/0:0)"
"822",822,"mz609.1255","",100,"6''''-O-Caffeoylastragalin"
"823",823,"mz611.1444","C00127",100,"Oxidized glutathione"
"824",824,"mz611.3795","C03033",100,"Cholestane-3,7,12,25-tetrol-3-glucuronide"
"825",825,"mz611.4526","",100,"Annomuricin A"
"826",826,"mz613.1403","C00128",100,"Cytidine monophosphate N-acetylneuraminic acid"
"827",827,"mz616.4706","",100,"C16 CErP"
"828",828,"mz617.4191","",100,"PA(16:0/14:1(9Z))"
"829",829,"mz619.2885","",100,"1-Arachidonoylglycerophosphoinositol"
"830",830,"mz619.4344","",100,"PA(8:0/22:0)"
"831",831,"mz620.1021","C16289",100,"Cyanidin 3-(3'''',6''''-dimalonylglucoside)"
"832",832,"mz621.5469","C00165",100,"DG(14:0/22:1(13Z)/0:0)"
"833",833,"mz623.4889","",100,"Rollinecin A"
"834",834,"mz623.5248","",100,"TG(10:0/i-12:0/13:0)"
"835",835,"mz625.1411","",100,"Quercetin 4'',7-diglucoside"
"836",836,"mz627.4478","",100,"Muricoreacin"
"837",837,"mz629.3113","",100,"(R)-6''-O-(4-Geranyloxy-2-hydroxycinnamoyl)-marmin"
"838",838,"mz629.4185","",100,"PA(a-13:0/18:2(9Z,11Z))"
"839",839,"mz632.2048","",100,"3''-Sialyllactose"
"840",840,"mz633.2817","C06540",100,"Rescinnamine"
"841",841,"mz633.4526","",100,"DG(18:4(6Z,9Z,12Z,15Z)/20:5(5Z,8Z,11Z,14Z,17Z)/0:0)"
"842",842,"mz634.2082","",100,"2-amino-4-({1-[(carboxymethyl)-C-hydroxycarbonimidoyl]-2-({2-[3,5-dihydroxy-4-(3-methylbut-2-en-1-yl)phenyl]-1-(2,4-dihydroxyphenyl)-2-hydroxyethyl}sulfanyl)ethyl}-C-hydroxycarbonimidoyl)butanoic acid"
"843",843,"mz637.1401","",100,"3,4,5-trihydroxy-6-{[5-hydroxy-2-(4-hydroxyphenyl)-7-methoxy-4-oxo-8-[3,4,5-trihydroxy-6-(hydroxymethyl)oxan-2-yl]-4H-chromen-6-yl]oxy}oxane-2-carboxylic acid"
"844",844,"mz637.3593","",100,"26-Glucosyl-1,3,11,22-tetrahydroxyergosta-5,24-dien-26-oate"
"845",845,"mz638.0298","C03246",100,"ADP-ribose 2''-phosphate"
"846",846,"mz645.4499","",100,"Glycerol 1-(9Z-octadecenoate) 2-tetradecanoate 3-phosphate"
"847",847,"mz646.6140","C00195",100,"C24:1 Cer"
"848",848,"mz647.4651","C00416",100,"PA(16:0/16:0)"
"849",849,"mz648.6304","C00195",100,"C24 Cer"
"850",850,"mz649.2440","",100,"Kuwanol E"
"851",851,"mz649.2494","",100,"Ichangin 4-glucoside"
"852",852,"mz651.2288","",100,"(-)-Matairesinol 4''-[apiosyl-(1->2)-glucoside]"
"853",853,"mz651.5565","",100,"TG(i-21:0/8:0/8:0)"
"854",854,"mz653.0996","",100,"6-(5-{3-[(6-carboxy-3,4,5-trihydroxyoxan-2-yl)oxy]-5,7-dihydroxy-4-oxo-4H-chromen-2-yl}-2-hydroxyphenoxy)-3,4,5-trihydroxyoxane-2-carboxylic acid"
"855",855,"mz658.4457","C00350",100,"PE(14:1(9Z)/16:1(9Z))"
"856",856,"mz659.4658","",100,"PA(18:1(11Z)/15:0)"
"857",857,"mz662.1017","",100,"NAD (ox)"
"858",858,"mz662.4765","C00350",100,"PE(14:0/16:0)"
"859",859,"mz664.1168","C00004",100,"NADH (red)"
"860",860,"mz665.3550","",100,"Coroloside"
"861",861,"mz665.6080","",100,"DG(15:0/24:0/0:0)"
"862",862,"mz667.2611","",100,"Myricanol 5-[arabinosyl-(1->6)-glucoside]"
"863",863,"mz670.4808","C00350",100,"PE(14:1(9Z)/P-18:1(11Z))"
"864",864,"mz670.5255","C02686",100,"Galactosylceramide (d18:1/14:0)"
"865",865,"mz673.4810","C00416",100,"PA(16:0/18:1(11Z))"
"866",866,"mz677.6098","C00165",100,"DG(16:0/24:1(15Z)/0:0)"
"867",867,"mz679.2822","",100,"Vomifoliol 9-[glucosyl-(1->4)-xylosyl-(1->6)-glucoside]"
"868",868,"mz679.3336","",100,"Canarigenin 3-[glucosyl-(1->4)-6-deoxy-alloside]"
"869",869,"mz679.3902","",100,"Gingerglycolipid C"
"870",870,"mz681.3055","",100,"6-{[(1R,16S)-5,7-dihydroxy-8,8,10,12,16-pentamethyl-3-[1-(2-methyl-1,3-thiazol-4-yl)prop-1-en-2-yl]-9-oxo-17-oxa-4-azabicyclo[14.1.0]heptadec-4-en-11-yl]oxy}-3,4,5-trihydroxyoxane-2-carboxylic acid"
"871",871,"mz687.4035","",100,"PA(18:4(6Z,9Z,12Z,15Z)/18:4(6Z,9Z,12Z,15Z))"
"872",872,"mz687.4977","",100,"PA(20:1(11Z)/15:0)"
"873",873,"mz688.4921","C00157 C00350",100,"PC(14:1(9Z)/15:0)"
"874",874,"mz693.2457","",100,"2-amino-4-({1-[(carboxymethyl)-C-hydroxycarbonimidoyl]-2-{[2-(3,4-dimethoxyphenyl)-1-{[2-(3,4-dimethoxyphenyl)ethyl]-C-hydroxycarbonimidoyl}-2-hydroxyethyl]sulfanyl}ethyl}-C-hydroxycarbonimidoyl)butanoic acid"
"875",875,"mz693.4495","",100,"PA(14:0/22:5(4Z,7Z,10Z,13Z,16Z))"
"876",876,"mz695.3279","",100,"Olitorin"
"877",877,"mz695.4653","",100,"1,2-Di-(9Z,12Z-octadecadienoyl)-sn-glycero-3-phosphate"
"878",878,"mz697.4171","",100,"Cyclopassifloside I"
"879",879,"mz697.4804","",100,"PA(14:1(9Z)/22:2(13Z,16Z))"
"880",880,"mz698.5126","C00350",100,"PE(16:1(9Z)/P-18:1(11Z))"
"881",881,"mz698.5571","C01190 C02686",100,"Glucosylceramide (d18:1/16:0)"
"882",882,"mz699.4966","C00416",100,"PA(18:0/18:2(9Z,12Z))"
"883",883,"mz700.5283","C00350",100,"PE(16:0/P-18:1(11Z))"
"884",884,"mz701.5134","",100,"PA(14:0/22:1(13Z))"
"885",885,"mz702.4360","",100,"PS(14:1(9Z)/16:1(9Z))"
"886",886,"mz703.5750","",100,"N-hexadecanoylsphinganine-1-phosphocholine"
"887",887,"mz705.3128","",100,"Physagulin E"
"888",888,"mz706.4683","",100,"Spirolide D"
"889",889,"mz714.5077","C00350",100,"PE(14:0/20:2(11Z,14Z))"
"890",890,"mz716.5233","C00157 C00350",100,"PC(15:0/16:1(9Z))"
"891",891,"mz717.4705","",100,"PG(16:1(9Z)/16:1(9Z))"
"892",892,"mz718.4670","",100,"PS(15:0/16:1(9Z))"
"893",893,"mz719.4664","",100,"PA(16:0/22:6(4Z,7Z,10Z,13Z,16Z,19Z))"
"894",894,"mz720.4967","C00350",100,"PE(18:4(6Z,9Z,12Z,15Z)/P-18:1(11Z))"
"895",895,"mz721.6346","",100,"TG(14:0/14:0/14:0)"
"896",896,"mz722.5128","C00350",100,"PE(18:3(6Z,9Z,12Z)/P-18:1(11Z))"
"897",897,"mz723.4261","",100,"Bis(4-methoxybenzoyl)-3a,29-dihydroxy-8-multifloren-7-one"
"898",898,"mz725.5131","",100,"PA(16:1(9Z)/22:2(13Z,16Z))"
"899",899,"mz730.4660","",100,"PS(14:0/18:2(9Z,12Z))"
"900",900,"mz732.4819","",100,"PS(14:0/18:1(9Z))"
"901",901,"mz738.5071","C00157 C00350",100,"PC(15:0/18:4(6Z,9Z,12Z,15Z))"
"902",902,"mz742.5393","C00157 C00350",100,"PC(15:0/18:2(9Z,12Z))"
"903",903,"mz745.5031","",100,"PG(16:0/18:2(9Z,12Z))"
"904",904,"mz746.5131","C00350",100,"PE(O-16:1(1Z)/22:6(4Z,7Z,10Z,13Z,16Z,19Z))"
"905",905,"mz747.1505","",100,"Fd&c blue no. 1, aluminum lake"
"906",906,"mz747.5180","",100,"PG(16:0/18:1(11Z))"
"907",907,"mz749.6660","",100,"TG(14:0/14:0/16:0)"
"908",908,"mz750.5435","C00350",100,"PE(O-18:1(1Z)/20:4(5Z,8Z,11Z,14Z))"
"909",909,"mz754.4669","",100,"PS(14:0/20:4(5Z,8Z,11Z,14Z))"
"910",910,"mz757.5754","",100,"PA(16:0/24:1(15Z))"
"911",911,"mz758.4973","",100,"PS(16:0/18:2(9Z,12Z))"
"912",912,"mz760.5136","",100,"PS(16:0/18:1(9Z))"
"913",913,"mz761.6672","",100,"TG(14:0/15:0/16:1(9Z))"
"914",914,"mz761.7032","",100,"DG(22:0/24:1(15Z)/0:0)"
"915",915,"mz763.6830","",100,"TG(14:0/15:0/16:0)"
"916",916,"mz763.7177","",100,"DG(22:0/24:0/0:0)"
"917",917,"mz764.5229","C00157 C00350",100,"PC(15:0/20:5(5Z,8Z,11Z,14Z,17Z))"
"918",918,"mz770.4984","",100,"PS(15:0/20:3(5Z,8Z,11Z))"
"919",919,"mz771.4172","",100,"Aginoside progenin"
"920",920,"mz772.5284","C00350",100,"PE(22:6(4Z,7Z,10Z,13Z,16Z,19Z)/P-18:1(11Z))"
"921",921,"mz773.5332","",100,"PG(18:0/18:2(9Z,12Z))"
"922",922,"mz774.4342","",100,"PS(18:4(6Z,9Z,12Z,15Z)/18:4(6Z,9Z,12Z,15Z))"
"923",923,"mz775.6823","",100,"TG(16:0/14:0/16:1(9Z))"
"924",924,"mz775.7193","",100,"TG(15:0/14:1(9Z)/o-18:0)"
"925",925,"mz777.6978","",100,"TG(16:0/14:0/16:0)"
"926",926,"mz777.7335","",100,"TG(14:0/15:0/o-18:0)"
"927",927,"mz778.5145","C06125",100,"3-O-Sulfogalactosylceramide (d18:1/16:0)"
"928",928,"mz784.1494","C00016",100,"FAD (ox)"
"929",929,"mz785.6059","",100,"PA(18:0/24:1(15Z))"
"930",930,"mz786.5284","",59,"PS(18:0/18:2(9Z,12Z))"
"931",931,"mz788.5444","C02737",100,"PS(18:0/18:1(9Z))"
"932",932,"mz791.7133","",100,"TG(14:0/15:0/18:0)"
"933",933,"mz799.5502","",100,"PG(18:0/20:3(5Z,8Z,11Z))"
"934",934,"mz801.6978","C00422",100,"TG(16:0/16:1(9Z)/16:1(9Z))"
"935",935,"mz803.5589","",100,"PA(20:5(5Z,8Z,11Z,14Z,17Z)/24:1(15Z))"
"936",936,"mz803.7495","",100,"TG(15:0/16:1(9Z)/o-18:0)"
"937",937,"mz807.5021","C00626",100,"PI(16:0/16:1(9Z))"
"938",938,"mz808.1181","C00024",100,"Acetyl-CoA"
"939",939,"mz809.5177","C00626",100,"PI(16:0/16:0)"
"940",940,"mz811.1212","",100,"6-[2,3-dihydroxy-5-({[5-hydroxy-2-(hydroxymethyl)-4,6-bis(3,4,5-trihydroxybenzoyloxy)oxan-3-yl]oxy}carbonyl)phenoxy]-3,4,5-trihydroxyoxane-2-carboxylic acid"
"941",941,"mz811.4716","",100,"Glabrin C"
"942",942,"mz817.7651","",100,"TG(14:0/18:1(11Z)/o-18:0)"
"943",943,"mz819.5180","",100,"PG(18:1(11Z)/22:6(4Z,7Z,10Z,13Z,16Z,19Z))"
"944",944,"mz819.7446","",100,"TG(14:0/15:0/20:0)"
"945",945,"mz821.5344","",62,"PG(18:0/22:6(4Z,7Z,10Z,13Z,16Z,19Z))"
"946",946,"mz831.7805","",100,"TG(15:0/18:1(11Z)/o-18:0)"
"947",947,"mz833.5178","C00626",100,"PI(16:0/18:2(9Z,12Z))"
"948",948,"mz835.4481","",100,"Lucyoside M"
"949",949,"mz835.5340","C00626",78,"PI(16:0/18:1(11Z))"
"950",950,"mz835.7180","",100,"TG(14:1(9Z)/20:5(5Z,8Z,11Z,14Z,17Z)/o-18:0)"
"951",951,"mz837.4276","",100,"Talinumoside I"
"952",952,"mz839.7131","",100,"TG(15:0/16:0/20:4(5Z,8Z,11Z,14Z))"
"953",953,"mz839.7490","",100,"TG(14:0/20:4(5Z,8Z,11Z,14Z)/o-18:0)"
"954",954,"mz841.7296","",100,"TG(15:0/16:0/20:3(8Z,11Z,14Z))"
"955",955,"mz842.4704","",100,"Azaspiracid 4"
"956",956,"mz843.4756","",100,"Cyclopassifloside III"
"957",957,"mz843.7449","",100,"TG(15:0/16:0/20:2(11Z,14Z))"
"958",958,"mz845.7596","",100,"TG(14:0/15:0/22:1(13Z))"
"959",959,"mz852.3243","C07394",100,"Paclitaxel"
"960",960,"mz856.5125","",100,"PS(20:3(8Z,11Z,14Z)/22:6(4Z,7Z,10Z,13Z,16Z,19Z))"
"961",961,"mz857.5184","C00626",100,"PI(16:0/20:4(5Z,8Z,11Z,14Z))"
"962",962,"mz859.7175","",100,"TG(18:4(6Z,9Z,12Z,15Z)/18:4(6Z,9Z,12Z,15Z)/o-18:0)"
"963",963,"mz859.8119","",100,"TG(15:0/20:1(11Z)/o-18:0)"
"964",964,"mz861.5493","C00626",56,"PI(16:0/20:2(11Z,14Z))"
"965",965,"mz865.5033","",100,"PG(22:6(4Z,7Z,10Z,13Z,16Z,19Z)/22:6(4Z,7Z,10Z,13Z,16Z,19Z))"
"966",966,"mz867.7806","",100,"TG(14:0/22:4(7Z,10Z,13Z,16Z)/o-18:0)"
"967",967,"mz873.8283","",100,"TG(14:0/22:1(13Z)/o-18:0)"
"968",968,"mz879.7819","",100,"TG(15:0/22:5(4Z,7Z,10Z,13Z,16Z)/o-18:0)"
"969",969,"mz882.4854","",100,"alpha-Solamarine"
"970",970,"mz883.5334","C00626",61,"PI(16:0/22:5(4Z,7Z,10Z,13Z,16Z))"
"971",971,"mz885.4487","",100,"Furcogenin 3-[2''''-glucosyl-6''''-arabinosylglucoside]"
"972",972,"mz885.5494","C00626",100,"PI(16:0/22:4(10Z,13Z,16Z,19Z))"
"973",973,"mz893.7968","",100,"TG(16:0/22:5(4Z,7Z,10Z,13Z,16Z)/o-18:0)"
"974",974,"mz898.5314","",100,"41-O-demethylrapamycin"
"975",975,"mz901.8598","",100,"TG(14:0/24:1(15Z)/o-18:0)"
"976",976,"mz910.5021","",100,"Kinetensin 1-7"
"977",977,"mz911.5016","C12081",100,"Soyasaponin II"
"978",978,"mz915.8381","C00422",100,"TG(16:0/20:0/20:1(11Z))"
"979",979,"mz915.8750","",100,"TG(15:0/24:1(15Z)/o-18:0)"
"980",980,"mz925.4802","",100,"Durupcoside B"
"981",981,"mz927.8743","",100,"TG(18:0/22:2(13Z,16Z)/o-18:0)"
"982",982,"mz943.5065","",100,"Tragopogonsaponin M"
"983",983,"mz963.5007","C00626",100,"PIP(16:0/22:5(4Z,7Z,10Z,13Z,16Z))"
"984",984,"mz965.4241","",100,"Rebaudioside E"
"985",985,"mz967.4177","",100,"Basellasaponin B"
"986",986,"mz971.4487","",100,"Betavulgaroside VI"
"987",987,"mz974.2913","C05273",100,"(2E)-Tetradecenoyl-CoA"
"988",988,"mz978.5234","",100,"CDP-DG(16:0/18:1(11Z))"
"989",989,"mz979.8702","",100,"TG(15:0/24:0/22:4(7Z,10Z,13Z,16Z))"
"990",990,"mz983.8066","",100,"TG(18:0/22:4(7Z,10Z,13Z,16Z)/22:5(4Z,7Z,10Z,13Z,16Z))"
"991",991,"mz983.9374","",100,"TG(22:0/22:2(13Z,16Z)/o-18:0)"
